{
	"__comment": "Designed by MGM_Choco with Cubik Studio - https://cubik.studio",
	"textures": {
		"particle": "item/glove",
		"texture": "item/glove"
	},
	"elements": [ 	 
		{
			"__comment": "Box1",
			"from": [ 5, -1.5, 5 ],
			"to": [ 10.5, 2.5, 11 ],
			"faces": {
				"down": { "uv": [ 8, 0, 12, 4 ], "texture": "#texture" },
				"up": { "uv": [ 12, 0, 16, 4 ], "texture": "#texture" },
				"north": { "uv": [ 0, 0, 4, 4 ], "texture": "#texture" },
				"south": { "uv": [ 4, 0, 8, 4 ], "texture": "#texture" },
				"west": { "uv": [ 4, 4, 8, 8 ], "texture": "#texture" },
				"east": { "uv": [ 4, 0, 8, 4 ], "texture": "#texture" }
			}
		},
		{
			"__comment": "Box2",
			"from": [ 4.5, 2.5, 4.5 ],
			"to": [ 8.5, 8, 11.5 ],
			"faces": {
				"down": { "uv": [ 14.5, 12, 16, 8 ], "texture": "#texture" },
				"up": { "uv": [ 8, 4.5, 12, 11.5 ], "texture": "#texture" },
				"north": { "uv": [ 8, 4, 10, 8 ], "texture": "#texture" },
				"south": { "uv": [ 8, 4, 10, 8 ], "texture": "#texture" },
				"west": { "uv": [ 8, 4, 12, 8 ], "texture": "#texture" },
				"east": { "uv": [ 12, 4, 16, 8 ], "texture": "#texture" }
			}
		},
		{
			"__comment": "Box2",
			"from": [ 4.5, 8, 4.5 ],
			"to": [ 8.5, 10, 11.5 ],
			"rotation": { "origin": [ 4.5, 8, 4.5 ], "axis": "z", "angle": -22.5 },
			"faces": {
				"down": { "uv": [ 4.5, 9, 8.5, 11 ], "texture": "#texture" },
				"up": { "uv": [ 4, 8, 8, 12 ], "texture": "#texture" },
				"north": { "uv": [ 8.5, 8, 10, 12 ], "texture": "#texture" },
				"south": { "uv": [ 8, 8, 10, 12 ], "texture": "#texture" },
				"west": { "uv": [ 8, 11, 12, 12 ], "texture": "#texture" },
				"east": { "uv": [ 4, 8, 7.5, 12 ], "texture": "#texture" }
			}
		},
		{
			"__comment": "Box2",
			"from": [ 5, 9.5, 4.5 ],
			"to": [ 9, 11.5, 11.5 ],
			"rotation": { "origin": [ 5, 9.5, 4.5 ], "axis": "z", "angle": -45 },
			"faces": {
				"down": { "uv": [ 8, 4, 12, 8 ], "texture": "#texture" },
				"up": { "uv": [ 8, 5, 10, 6.5 ], "texture": "#texture" },
				"north": { "uv": [ 8, 8, 10, 12 ], "texture": "#texture" },
				"south": { "uv": [ 8, 8, 10, 12 ], "texture": "#texture" },
				"west": { "uv": [ 8, 10, 12, 11 ], "texture": "#texture" },
				"east": { "uv": [ 4, 8, 8, 12 ], "texture": "#texture" }
			}
		},
		{
			"__comment": "Box2",
			"from": [ 6.5, 7, 4.5 ],
			"to": [ 8.5, 11, 11.5 ],
			"rotation": { "origin": [ 6.5, 11, 4.5 ], "axis": "z", "angle": 22.5 },
			"faces": {
				"down": { "uv": [ 8, 6.5, 10, 8 ], "texture": "#texture", "rotation": 90 },
				"up": { "uv": [ 12, 10.5, 8, 9.5 ], "texture": "#texture", "rotation": 270 },
				"north": { "uv": [ 10, 12, 8, 8 ], "texture": "#texture", "rotation": 90 },
				"south": { "uv": [ 10, 12, 8, 8 ], "texture": "#texture", "rotation": 270 },
				"west": { "uv": [ 12, 10.5, 8, 9.5 ], "texture": "#texture", "rotation": 270 },
				"east": { "uv": [ 4, 8, 8, 12 ], "texture": "#texture", "rotation": 90 }
			}
		},
		{
			"__comment": "Box2",
			"from": [ 8, 8, 4.5 ],
			"to": [ 11, 11.5, 11.5 ],
			"faces": {
				"down": { "uv": [ 8, 6.5, 10, 8 ], "texture": "#texture", "rotation": 90 },
				"up": { "uv": [ 12, 9.5, 8, 8.5 ], "texture": "#texture", "rotation": 270 },
				"north": { "uv": [ 9.5, 12, 8, 8 ], "texture": "#texture", "rotation": 90 },
				"south": { "uv": [ 10, 12, 8, 8 ], "texture": "#texture", "rotation": 270 },
				"west": { "uv": [ 8, 8, 10, 7 ], "texture": "#texture", "rotation": 270 },
				"east": { "uv": [ 4, 8, 8, 12 ], "texture": "#texture", "rotation": 90 }
			}
		},
		{
			"__comment": "Box2",
			"from": [ 10.0133, 5.5322, 4.5 ],
			"to": [ 11.5133, 10.0322, 11.5 ],
			"rotation": { "origin": [ 8.5, 10, 4.5 ], "axis": "z", "angle": 22.5 },
			"faces": {
				"down": { "uv": [ 12, 7, 8, 8 ], "texture": "#texture", "rotation": 90 },
				"up": { "uv": [ 12, 9, 8, 8 ], "texture": "#texture", "rotation": 270 },
				"north": { "uv": [ 8.5, 8, 9.5, 12 ], "texture": "#texture", "rotation": 270 },
				"south": { "uv": [ 8, 8, 10, 12 ], "texture": "#texture", "rotation": 90 },
				"west": { "uv": [ 8, 7, 10, 8 ], "texture": "#texture", "rotation": 90 },
				"east": { "uv": [ 8, 12, 4, 8 ], "texture": "#texture", "rotation": 270 }
			}
		},
		{
			"__comment": "Box8",
			"from": [ 8, 2.5, 4 ],
			"to": [ 10.5, 6, 5 ],
			"rotation": { "origin": [ 8, 2.5, 4 ], "axis": "z", "angle": -22.5 },
			"faces": {
				"down": { "uv": [ 0, 6, 1.5, 7 ], "texture": "#texture" },
				"up": { "uv": [ 0, 4, 1.5, 5 ], "texture": "#texture" },
				"north": { "uv": [ 0, 4, 1.5, 7 ], "texture": "#texture" },
				"south": { "uv": [ 2, 4, 4, 7 ], "texture": "#texture" },
				"west": { "uv": [ 0, 4, 1, 7 ], "texture": "#texture" },
				"east": { "uv": [ 0.5, 4, 1.5, 7 ], "texture": "#texture" }
			}
		}
	],
	"display": {
		"thirdperson_righthand": {
			"rotation":  [ -90, 180, 0 ],
			"translation":  [ -0.25, -2, -4 ],
			"scale":  [ 0.85, 0.6, 0.7 ]
		},
		"thirdperson_lefthand": {
			"rotation":  [ -90, 180, 0 ],
			"translation":  [ -11.75, -2, -4 ],
			"scale":  [ 0.85, 0.6, 0.7 ]
		},
		"firstperson_righthand": {
			"rotation":  [ -29, 180, 0 ],
			"translation":  [ 0, 4, 0 ],
			"scale":  [ 0.6, 0.6, 0.6 ]
		},
		"firstperson_lefthand": {
			"rotation":  [ -29, 180, 0 ],
			"translation":  [ -19, 4, 0 ],
			"scale":  [ 0.6, 0.6, 0.6 ]
		},
		"gui": {
			"rotation":  [ 30, 145, -45 ],
			"translation":  [ -1, 1, 0 ],
			"scale":  [ 0.625, 0.625, 0.625 ]
		},
		"ground": {
			"translation":  [ 0, 2, 0 ],
			"scale":  [ 0.5, 0.5, 0.5 ]
		}
	}
}