{
	"__comment": "Designed by MGM_Choco with Cubik Studio - https://cubik.studio",
	"textures": {
		"tfloor": "block/floor",
		"particle": "block/floor"
	},
	"elements": [ 	 
		{
			"__comment": "Box1",
			"from": [ 0, 0, 0 ],
			"to": [ 16, 16, 16 ],
			"faces": {
				"down": { "uv": [ 4, 0, 8, 4 ], "texture": "#tfloor" },
				"up": { "uv": [ 0, 0, 4, 4 ], "texture": "#tfloor" },
				"north": { "uv": [ 8, 0, 12, 4 ], "texture": "#tfloor" },
				"south": { "uv": [ 8, 0, 12, 4 ], "texture": "#tfloor" },
				"west": { "uv": [ 8, 0, 12, 4 ], "texture": "#tfloor" },
				"east": { "uv": [ 8, 0, 12, 4 ], "texture": "#tfloor" }
			}
		}
	],
	"display": {
		"thirdperson_righthand": {
			"rotation":  [ 75, 45, 0 ],
			"translation":  [ 0, 2.5, 0 ],
			"scale":  [ 0.375, 0.375, 0.375 ]
		},
		"thirdperson_lefthand": {
			"rotation":  [ 75, 45, 0 ],
			"translation":  [ 0, 2.5, 0 ],
			"scale":  [ 0.375, 0.375, 0.375 ]
		},
		"firstperson_righthand": {
			"rotation":  [ 0, 45, 0 ],
			"scale":  [ 0.4, 0.4, 0.4 ]
		},
		"firstperson_lefthand": {
			"rotation":  [ 0, 45, 0 ],
			"scale":  [ 0.4, 0.4, 0.4 ]
		},
		"gui": {
			"rotation":  [ 30, 225, 0 ],
			"scale":  [ 0.625, 0.625, 0.625 ]
		},
		"ground": {
			"translation":  [ 0, 3, 0 ],
			"scale":  [ 0.25, 0.25, 0.25 ]
		},
		"fixed": {
			"scale":  [ 0.5, 0.5, 0.5 ]
		}
	}
}